MMR,enter_time,wait_time,times,status,every_wait_time
1059.687715511825,2995.0636445958135,240,46,2,0
1568.3259071124878,2995.3474877826447,210,42,2,0
516.426508251681,2995.3766892254125,270,49,2,0
1392.7678344921592,2995.454763039311,215,43,2,0
1310.8577776469347,2995.4701792796022,245,48,2,0
1308.1364424392734,2995.6326312443584,200,40,2,0
877.9165560528731,2995.685990886736,215,43,2,0
929.6514567187919,2995.721414578251,210,42,2,0
834.3922704657546,2995.8207723862206,255,49,2,0
1464.1738803539245,2995.8581054784972,225,42,2,0
589.4101214678734,2995.936343427802,215,43,2,0
945.1498442837177,2995.998481657942,205,41,2,0
1155.4860176769937,2996.0089879644443,230,46,2,0
1289.853521487013,2996.046115998798,225,44,2,0
1615.7480545943044,2996.2643940988232,230,42,2,0
1015.2180174138828,2996.276352526392,200,40,2,0
775.4753825648559,2996.300071801971,240,48,2,0
701.5544496297553,2996.3509770987907,260,48,2,0
1741.9623812733785,2996.4259224533203,255,47,2,0
1771.3831698242925,2996.4421454601174,245,40,2,0
1219.0580773008937,2996.4444726427005,220,44,2,0
926.0359484064056,2996.4592254641257,270,49,2,0
1492.32662632933,2996.4599872232748,255,46,2,0
508.15662981885873,2996.497230396103,235,41,2,0
1405.9560244943289,2996.5494267892986,215,43,2,0
1281.920640097622,2996.787702504388,230,46,2,0
785.3346641143878,2996.9595250876255,245,48,2,0
1130.1802442908293,2997.0286239492125,210,42,2,0
1220.8989795358304,2997.0307921189597,230,46,2,0
1243.3516680090163,2997.0940199757056,205,41,2,0
1501.986592989954,2997.1131248630218,225,45,2,0
1668.0250547403243,2997.1450099817507,230,44,2,0
628.1943450150424,2997.21350268028,215,40,2,0
729.0612862437628,2997.221207394541,275,47,2,0
1096.272505605301,2997.2420474551236,240,48,2,0
1183.3120925370295,2997.325956596086,230,46,2,0
1347.9232208018095,2997.358510424076,215,43,2,0
1354.6407317998078,2997.411455703018,235,47,2,0
847.1256042336453,2997.476188508159,220,42,2,0
1126.2148740195294,2997.5076300988753,205,41,2,0
821.5824987139641,2997.5439926147355,205,41,2,0
1243.6683697055892,2997.633195889532,230,46,2,0
1065.006352299653,2997.6456423549234,230,45,2,0
1559.9101831950193,2997.6508633440326,235,46,2,0
1523.8749790414888,2997.655914078783,205,40,2,0
832.7611226362792,2997.80803414332,215,43,2,0
630.1169559488108,2997.9098427049285,245,43,2,0
1169.9999942288798,2997.943230802164,265,49,2,0
1798.9936808541313,2997.9699622963903,340,46,2,0
621.2909717413856,2998.080649602085,230,46,2,0
900.9954572033067,2998.1380378929175,205,41,2,0
1141.735143962793,2998.230216937332,215,43,2,0
1059.1298802685778,2998.245329537735,245,49,2,0
1682.899283090479,2998.2570639376927,230,43,2,0
1428.4018586929558,2998.2913364667993,210,40,2,0
984.4017376306816,2998.3836243774454,215,43,2,0
915.3815226222672,2998.6847086677244,225,45,2,0
1338.732415301522,2998.689267825076,205,41,2,0
798.1540555983362,2998.7205854743142,260,47,2,0
1205.4056076974136,2998.7525484980115,215,43,2,0
1623.7343168613638,2998.7677155473934,275,46,2,0
1523.9476799856911,2998.9543092999866,245,48,2,0
1149.1022393005376,2999.0048291711832,220,44,2,0
729.980259662044,2999.106326701798,230,43,2,0
1041.205898698367,2999.1708362295003,235,47,2,0
1393.8752805915801,2999.311422454207,220,44,2,0
553.8821654185678,2999.346537074357,220,44,2,0
991.2570995771783,2999.4224827496587,200,40,2,0
1037.745411181553,2999.4306370126837,200,40,2,0
954.3650424217076,2999.667787373139,205,41,2,0
1446.1914322926948,2999.729097165439,235,44,2,0
1707.0978787267616,2999.8066537579243,220,44,2,0
1608.8492362218476,2999.8120284178885,215,41,2,0
1229.392339596416,2999.8662489594167,205,40,2,0
996.9057603790279,2999.9123013960007,220,44,2,0
934.7974644696512,3000.3324342625865,220,44,2,0
1240.2602763746047,3000.370145348917,225,45,2,0
717.2701537484817,3000.571316369379,230,45,2,0
1253.6731362371368,3000.6556345672643,205,41,2,0
1109.3259635748032,3000.6617021779257,220,44,2,0
1601.0643075152007,3000.7574847667534,225,45,2,0
1482.642733886364,3000.788333815908,245,48,2,0
1352.2798927571337,3000.834660381365,235,47,2,0
1137.0593470758447,3000.8684429905434,210,42,2,0
556.883375752136,3001.0136045668187,260,49,2,0
1521.4851921189447,3001.1141790259426,250,49,2,0
975.5151774809601,3001.332452812587,235,45,2,0
1719.4643344135486,3001.388956320322,260,42,2,0
1195.1639565490673,3001.454481781521,205,41,2,0
658.0625426465612,3001.4835874531736,215,42,2,0
1374.472757459978,3001.517592982511,215,43,2,0
1192.6314891031016,3001.597152222096,225,44,2,0
646.7261988911847,3001.618558942579,250,47,2,0
1427.5604769814715,3001.6344316605455,240,48,2,0
621.667491713025,3001.8287215983523,205,41,2,0
1243.4749979398857,3001.8693749714475,255,50,2,0
1339.4050328978508,3001.9617587651783,255,49,2,0
990.7173290852734,3002.245169999601,240,45,2,0
1097.6641159285798,3002.3206319448377,230,46,2,0
834.3667491616357,3002.3435892562393,210,41,2,0
1281.0002029462692,3002.4738178898947,205,41,2,0
1579.4117370195447,3002.541692653558,255,50,2,0
1351.7818343888803,3002.6687211811204,205,41,2,0
1568.793852450263,3002.6811791114083,240,47,2,0
455.2139145845332,3002.761406312434,340,47,2,0
732.7206892627505,3003.097898647596,205,41,2,0
1440.230736909309,3003.105423576195,270,49,2,0
1291.5885312249557,3003.165436871929,225,45,2,0
857.3814716120955,3003.196163409937,220,43,2,0
959.2859547464205,3003.212243302146,225,45,2,0
1526.438500676236,3003.3457617799345,245,48,2,0
767.1498806666763,3003.447231335324,230,43,2,0
1130.4066793076704,3003.4652964376774,235,47,2,0
1680.4084055996918,3003.471972471356,285,48,2,0
1325.6523303985728,3003.524833814293,210,42,2,0
1433.1384761567733,3003.6880921208212,270,50,2,0
1037.1171335616114,3003.7586552697735,235,46,2,0
1106.1116715362405,3003.7625190738436,205,41,2,0
1683.099227556951,3003.797683153172,300,44,2,0
1125.6812192014982,3003.89271123288,305,50,2,0
877.5476392904164,3003.8927252916546,235,44,2,0
1347.474447612289,3003.919236185493,205,41,2,0
997.9097207818411,3004.032824086553,235,46,2,0
1247.6829280275813,3004.079874336964,240,48,2,0
671.7969682742012,3004.081010756197,210,41,2,0
1422.2090148808034,3004.291961656498,225,45,2,0
1629.8139679970693,3004.316543560575,235,45,2,0
886.901965091577,3004.327176228397,235,46,2,0
767.3591611315943,3004.45591180703,265,48,2,0
1200.077326651182,3004.4638191293443,220,43,2,0
645.6880528112421,3004.529168231919,245,49,2,0
1296.0846007790224,3004.5536554152095,210,42,2,0
1516.822425181587,3004.6359408889193,245,48,2,0
1041.643734511893,3004.695173122674,220,41,2,0
1385.8212910839604,3004.751913947255,245,49,2,0
1315.4882061831797,3004.789176182216,210,42,2,0
946.4959911356115,3004.8283662160934,225,45,2,0
725.9078820751809,3004.82873708797,295,50,2,0
845.4396158711497,3004.8465425548593,235,47,2,0
1204.3091825801614,3004.918885180823,255,49,2,0
958.0348695906198,3005.0857306393023,245,49,2,0
1119.1632898438036,3005.34347402576,275,50,2,0
899.0631673522743,3005.446744711282,235,46,2,0
1346.2199444900878,3005.5432182115383,215,41,2,0
1529.6416669652392,3005.5729802416695,255,49,2,0
754.361743036864,3005.677332714413,220,44,2,0
734.7406181524393,3005.690320493693,235,44,2,0
532.9194817514668,3005.794438007417,240,43,2,0
1292.333594303157,3005.7955209474126,225,45,2,0
859.980194554268,3005.812510862482,220,44,2,0
840.7856424894272,3005.888675595077,225,45,2,0
1262.1916944950046,3005.901422357497,275,50,2,0
587.7219738025829,3005.9285097509887,220,44,2,0
788.0157778713661,3005.9404054179886,235,46,2,0
1689.4376812776275,3006.1373801494874,240,48,2,0
983.3411220402643,3006.1979298390966,265,48,2,0
1411.727896045756,3006.2316088146695,215,43,2,0
960.5478000116645,3006.248486891351,260,50,2,0
1775.382254643943,3006.288756801557,260,49,2,0
943.9298847621595,3006.302758621398,240,47,2,0
1401.1133594841226,3006.3754798452665,255,50,2,0
860.6286584676212,3006.407835587829,255,49,2,0
1141.7908401892987,3006.632823408765,250,50,2,0
1468.4021099565027,3006.663698756518,245,45,2,0
1463.5785093099548,3006.7629884570592,245,48,2,0
1393.3358758785516,3007.153206242349,225,45,2,0
1593.1862984582037,3007.189794335348,210,41,2,0
1400.7727135733196,3007.213301756911,240,48,2,0
645.0638649416715,3007.3485892728095,265,49,2,0
697.2440707944332,3007.366830538327,260,49,2,0
636.2052777618997,3007.5570010362526,235,46,2,0
1473.6865749497483,3007.602315343855,240,45,2,0
1212.186926297446,3007.6620318026526,240,48,2,0
1169.4672477044596,3007.7150029536247,230,45,2,0
612.861797049866,3007.7485880246363,240,47,2,0
1268.0121101884451,3007.809681571576,240,46,2,0
1224.544381630718,3008.0678921395343,255,49,2,0
721.9686884184498,3008.068360191942,230,45,2,0
694.3583852746457,3008.2121735554183,205,41,2,0
1625.6754760707424,3008.2396316878617,280,49,2,0
1300.5053373527412,3008.2436839535408,265,47,2,0
1045.333685716095,3008.334729995265,220,44,2,0
1568.533241367585,3008.376310679171,205,41,2,0
1530.8264535457413,3008.4466042317085,220,41,2,0
1608.7786721992054,3008.519645027493,210,42,2,0
1718.561226699629,3008.5398526786885,205,41,2,0
1015.0746922566219,3008.666275061655,215,42,2,0
1362.0183550190634,3008.700994263445,225,45,2,0
546.7139214968919,3008.704000218685,225,45,2,0
872.6546763847119,3008.7557922509245,210,42,2,0
1009.6593807110613,3008.78061499154,240,46,2,0
659.1850289820013,3008.834455167241,205,41,2,0
1215.0566115517427,3008.9525743794575,225,45,2,0
1629.2260467254644,3009.0934315986933,260,45,2,0
699.8836938062793,3009.1353725909694,215,43,2,0
786.1075289946608,3009.1618400647767,225,44,2,0
1295.7128336398519,3009.2875913182347,235,46,2,0
1101.0469685295172,3009.394952448653,210,41,2,0
1218.4510870120243,3009.4204817187,230,46,2,0
1109.9597977417689,3009.4978812110935,240,47,2,0
1145.4721031655918,3009.5012833958135,210,42,2,0
1807.805710973692,3009.542094051523,240,44,2,0
1682.7874560879834,3009.5610915095226,215,42,2,0
1153.4987118917295,3009.5623249636747,255,49,2,0
1082.5856601721848,3009.6412166937107,225,45,2,0
864.6997328490731,3009.7080303983134,235,47,2,0
1282.0568308407458,3009.7264372490026,235,47,2,0
581.6844418288148,3009.849992165927,225,44,2,0
1108.6538359767321,3010.017003576099,255,48,2,0
1584.7241202134046,3010.04372504766,245,43,2,0
810.7264418380397,3010.1047735224856,250,50,2,0
1341.866772915789,3010.150881096346,235,46,2,0
1747.1471344266363,3010.4149684008967,270,47,2,0
867.9592866870937,3010.4636975755016,205,41,2,0
1778.9349565650969,3010.4856352770275,315,50,2,0
1228.341111776821,3010.5067096292773,220,44,2,0
1595.9924676870078,3010.547315768238,260,50,2,0
1582.2855851518607,3010.5550326673283,215,43,2,0
1397.2107272400103,3010.6466526680842,230,46,2,0
1289.312694218534,3010.6519437800953,235,47,2,0
880.7582922966524,3010.6752378460765,235,47,2,0
541.9515787491579,3010.725696935341,260,50,2,0
751.8081882862053,3010.7523774596525,255,49,2,0
1020.994402842939,3010.7701227387315,215,42,2,0
1110.7888471240267,3010.7953580012318,245,47,2,0
826.0827554069069,3010.8595624683735,250,50,2,0
675.1569827800787,3010.8657131326054,220,42,2,0
934.3574140633776,3010.8821820429052,215,43,2,0
1662.4741199033135,3010.95843950324,280,50,2,0
1701.5744605727539,3011.056634437893,255,49,2,0
608.3669213123203,3011.0648938643517,285,50,2,0
1489.4756221185125,3011.174444151084,220,44,2,0
1786.7972821823423,3011.210210496567,275,45,2,0
1061.6082816130354,3011.3553094870845,225,45,2,0
888.1382051537929,3011.3768534723586,225,44,2,0
1319.7067573890865,3011.434768238465,225,45,2,0
824.7419547039293,3011.4539960283614,230,46,2,0
992.6084407812655,3011.466867729804,230,44,2,0
486.69730153745985,3011.735579849462,290,50,2,0
1032.865264079379,3011.7517920460537,250,50,2,0
1450.0604188776008,3011.7949417585414,235,47,2,0
875.4130692192795,3011.8363369469057,220,44,2,0
788.3692297038339,3011.879861700223,205,41,2,0
1448.8473864521939,3011.9523735074154,205,41,2,0
1139.035657580888,3012.048141756471,230,46,2,0
1296.9907383129162,3012.1249316431167,235,47,2,0
834.8114715810868,3012.1272093583775,205,41,2,0
819.4250668945833,3012.3173908299395,230,46,2,0
1197.322168545233,3012.4633194946027,205,41,2,0
1304.130472587247,3012.512204953773,245,49,2,0
1458.1521649997576,3012.7347740007835,240,48,2,0
1530.3156747306361,3012.739339541895,205,41,2,0
1387.0906920407276,3012.8602172735195,210,42,2,0
940.2224645009419,3012.8732331429137,250,47,2,0
1482.915709578227,3013.005969760626,205,41,2,0
951.1118345542244,3013.0888345209996,265,50,2,0
1672.9416404341077,3013.134638984598,340,42,2,0
596.7329398146682,3013.143378164387,250,49,2,0
761.078317809261,3013.259462540588,205,41,2,0
650.4806207725129,3013.2778309019373,235,47,2,0
1243.2167347180873,3013.3065284453537,220,44,2,0
1363.9533681025875,3013.3153884908443,220,44,2,0
1250.933708977095,3013.3365153182813,245,49,2,0
1062.1449458389125,3013.482864453675,220,44,2,0
712.627044196135,3013.546530247086,205,41,2,0
680.0634282854231,3013.5505181768035,245,48,2,0
1361.2453014506827,3013.6307562964357,245,49,2,0
594.0618351663336,3013.633899951513,240,44,2,0
751.9416117930965,3013.658254470146,225,45,2,0
1163.1529376953188,3013.6677761769943,215,43,2,0
1388.6647041443998,3013.704646558954,225,45,2,0
989.7399835710333,3013.7905697276606,210,42,2,0
911.3966971899506,3013.832494596773,205,41,2,0
962.0074939378031,3013.865804395177,225,45,2,0
1563.3917159986472,3013.878150801491,245,49,2,0
1175.7187391729983,3013.908179116081,245,49,2,0
489.4369291828788,3014.0358641181365,255,50,2,0
1470.9215982654512,3014.101162745951,235,47,2,0
1523.008228045531,3014.154367375083,220,41,2,0
939.376750489599,3014.237422980885,210,42,2,0
712.0961868401151,3014.303746963156,225,45,2,0
1436.5943909064501,3014.506042395943,230,46,2,0
621.4558107235498,3014.506784177723,245,49,2,0
1235.2675809664624,3014.5097958276974,230,46,2,0
1485.2704678408575,3014.5451121550186,245,47,2,0
1102.3650440935598,3014.6405971815198,210,41,2,0
1104.147845697324,3014.719118560009,245,48,2,0
1203.7249106631432,3014.785162366099,230,46,2,0
1278.7020774666362,3014.7874356490065,215,43,2,0
558.0386590545725,3014.8712734452747,240,41,2,0
1367.3921787493298,3014.938326520116,240,47,2,0
1207.0118906032408,3014.944495485817,210,42,2,0
1241.1985561013457,3015.0141786800086,245,47,2,0
884.0369470980826,3015.1035555525787,230,46,2,0
987.0149193001429,3015.1723935741193,240,48,2,0
1713.3371502218163,3015.202522551655,380,50,2,0
1228.4388647767191,3015.209809014193,225,45,2,0
1190.2100698160552,3015.3333928393986,240,48,2,0
1313.9762956845095,3015.3366324394547,235,46,2,0
1153.1999015961276,3015.5859608459086,210,42,2,0
1127.8683751328376,3015.6875725579944,225,45,2,0
1421.883387080324,3015.8374262034986,275,49,2,0
1456.7309653976517,3015.8958296781484,260,45,2,0
1357.8765518696332,3015.906049143242,275,50,2,0
878.9539466471069,3015.9296877784636,220,44,2,0
1594.2957158794272,3015.972054247731,245,46,2,0
1077.0303658041018,3016.067898041721,215,43,2,0
665.9153554507665,3016.1507633107867,225,44,2,0
739.1825411103641,3016.221251929659,240,41,2,0
1557.09768590692,3016.3178504060797,210,42,2,0
1190.1060209424782,3016.3855029227807,255,49,2,0
1098.5400467333354,3016.4180774429715,220,44,2,0
1752.252811380921,3016.4512139239077,295,49,2,0
881.5576003417542,3016.458015964641,215,43,2,0
1418.568783731322,3016.5062515354452,230,44,2,0
988.3116237207139,3016.6323140502145,245,48,2,0
675.3415935490009,3016.7816208058075,250,49,2,0
1150.2296537605241,3016.7958453049378,230,46,2,0
1637.0395577432805,3016.828720337171,255,49,2,0
1613.846040923549,3016.8715142584833,250,50,2,0
1497.1068092170624,3016.8861262938963,215,42,2,0
1049.177923377606,3016.9295966566037,230,46,2,0
728.1294971455,3017.0723094136683,215,43,2,0
645.4433993155938,3017.118648980278,290,48,2,0
1182.5970705748412,3017.151783637165,210,42,2,0
589.4511332105295,3017.341315135437,260,47,2,0
815.3109315850445,3017.3748661809905,215,42,2,0
695.6493631826116,3017.388372654331,220,44,2,0
1399.9221993428037,3017.403960061813,210,41,2,0
779.9180572029206,3017.422452558829,250,46,2,0
1041.7238266352028,3017.5150104368477,245,49,2,0
1124.5292944590299,3017.6697993273738,240,48,2,0
1029.2850578211105,3017.7728025346996,250,50,2,0
1289.774666468412,3017.7905728328997,220,43,2,0
554.4986147406145,3017.8644494884315,245,46,2,0
1252.7600269679,3017.9037276605895,225,44,2,0
1616.5621489990262,3018.0133406520245,235,44,2,0
770.690549872947,3018.040985646602,210,42,2,0
1505.4181953100815,3018.0929532693262,260,48,2,0
1118.8745983876227,3018.2074614507183,245,49,2,0
937.8433606477284,3018.2330171203907,225,45,2,0
932.1555471584335,3018.2475434938124,230,44,2,0
941.6278201506875,3018.271105463539,250,49,2,0
876.1569324127402,3018.323726354035,205,41,2,0
1220.244431029679,3018.339471058116,215,43,2,0
819.4195340985228,3018.552862393577,225,45,2,0
532.5615582350425,3018.8287248920856,205,41,2,0
1309.5362490859413,3018.860168682174,220,44,2,0
1333.9448434760277,3018.9760307430724,235,47,2,0
1567.5581730101358,3019.0167805360315,225,43,2,0
1212.253516017177,3019.0237601313574,220,44,2,0
1256.4862390426642,3019.0398818372933,235,47,2,0
1344.4235513996432,3019.2150905043795,210,42,2,0
932.3476062532136,3019.2830351850853,255,49,2,0
564.229327252995,3019.2949065066805,235,46,2,0
1003.9141408095632,3019.5552382558153,250,50,2,0
1355.6203920036521,3019.6549359462256,245,49,2,0
1287.4500557667861,3019.751619688545,220,44,2,0
1113.233640494603,3019.763112452495,245,49,2,0
1039.8204802063478,3019.7861166303364,230,46,2,0
774.8025134230155,3019.8297346746203,265,49,2,0
1038.9989384474914,3019.8430688527515,235,47,2,0
1505.6155602420301,3019.893901491956,255,50,2,0
569.6186179572895,3019.9419810321824,240,46,2,0
966.4249002233325,3019.9456162211377,210,42,2,0
838.4522972045597,3020.136298168669,265,50,2,0
768.9056801618058,3020.1589990875027,235,44,2,0
1439.736472167627,3020.161237771227,205,41,2,0
1016.9658734547455,3020.181866006423,245,49,2,0
1357.2463053061647,3020.305858273072,245,46,2,0
1387.1715815118164,3020.410655017147,220,44,2,0
951.765778240445,3020.56123944972,220,44,2,0
1387.9965696418362,3020.5843021974406,250,49,2,0
912.5498948267904,3020.700607230364,245,49,2,0
932.5546736137333,3020.9305778371727,235,47,2,0
1685.3943369664728,3021.271501408326,220,43,2,0
837.1179248166019,3021.3065276371717,235,47,2,0
1049.6785046352777,3021.3176966551823,220,44,2,0
1128.567503149956,3021.4209513230426,255,48,2,0
1189.3595182303472,3021.430638410896,255,50,2,0
1579.3564822455444,3021.4899417839288,205,41,2,0
842.8760568425427,3021.539526918088,245,48,2,0
1233.4374335727466,3021.6485316668736,260,49,2,0
1165.544418676486,3021.90134322231,215,43,2,0
1095.4040282187996,3022.0083193810283,235,47,2,0
524.7300620302435,3022.01573451106,315,48,2,0
1588.313305574618,3022.0508544905915,230,45,2,0
597.6536376566409,3022.1441438958973,235,44,2,0
1072.780144687035,3022.1883601676855,210,42,2,0
1658.645758885685,3022.22613829101,205,41,2,0
883.5461107361964,3022.323176141762,240,48,2,0
1542.9962467319413,3022.4445693260814,220,42,2,0
1535.1051627373397,3022.4692374098013,220,44,2,0
1191.501400239689,3022.535542273285,245,47,2,0
1231.8582302833308,3022.604835308057,210,42,2,0
1030.1041432297668,3022.6086441900843,235,47,2,0
1296.3203244153033,3022.757499926074,225,42,2,0
843.2391739911997,3022.859782051066,205,41,2,0
1237.8617990317136,3022.888190684157,260,50,2,0
980.06309355421,3022.926139666711,255,49,2,0
593.5785295623486,3022.972956657926,290,50,2,0
1302.4874920837185,3023.2265911016466,260,47,2,0
806.4607856740056,3023.237129731201,255,49,2,0
882.255001854109,3023.321614611236,245,49,2,0
1721.3254117501488,3023.5089439074277,240,43,2,0
1507.9680974036607,3023.7040994525487,205,41,2,0
1050.328334427916,3023.708722355932,245,49,2,0
936.8806335565167,3023.7874022556434,215,41,2,0
1449.4753121982883,3023.8184348447508,240,48,2,0
1562.4650543126984,3023.870808703923,205,41,2,0
1519.748097675508,3023.991739258765,220,44,2,0
1598.8608328500466,3024.050718266747,215,43,2,0
1274.42704315394,3024.0605956058725,245,47,2,0
1691.2548088058993,3024.097413753278,245,45,2,0
1104.128048977631,3024.1145921454954,245,48,2,0
1195.8204711310937,3024.1575930771573,250,48,2,0
746.3851502842311,3024.186831914182,225,44,2,0
1318.1274644765244,3024.5898847892204,265,50,2,0
1443.3973598017672,3024.6102179746085,245,46,2,0
1731.3511522588117,3024.664050560707,280,46,2,0
1126.4452976458933,3024.6767072581524,205,41,2,0
645.665474679053,3024.7250865959886,245,41,2,0
1515.6204888892955,3024.7528805667976,245,47,2,0
494.36310510929064,3024.755015947854,285,49,2,0
749.6048318722565,3024.8134479245914,225,44,2,0
1646.6776468876667,3024.82558591793,245,46,2,0
1136.5785593035664,3024.8544010794362,225,45,2,0
979.5388963150227,3024.8831564316934,220,44,2,0
658.3173910055979,3024.9108272893764,270,44,2,0
437.2233652007993,3025.024700778043,250,41,2,0
971.048374110391,3025.1174120168266,250,48,2,0
569.5792970521534,3025.1533797845295,310,43,2,0
958.6822201860698,3025.211856607231,240,48,2,0
1295.7018783670324,3025.259088721785,245,49,2,0
914.4116672360025,3025.2781317682447,205,41,2,0
1026.7744842979673,3025.3505200188497,230,46,2,0
634.4653571380874,3025.369570411057,245,45,2,0
837.2644507060683,3025.3866732162614,225,45,2,0
1383.389671217138,3025.48927853412,225,45,2,0
1207.930884667744,3025.4897076472053,215,43,2,0
948.277515097881,3025.6604411496646,225,45,2,0
967.6974996069276,3025.6844351895493,205,41,2,0
1705.6574300538773,3025.6948559331845,315,49,2,0
1471.5546626739874,3025.740560280041,270,50,2,0
1667.259969388378,3025.868326238802,280,49,2,0
854.1099192086778,3025.920301637855,220,43,2,0
1155.028867684158,3025.96615200794,235,47,2,0
1712.2052305504594,3026.051059913775,330,47,2,0
909.6899904042019,3026.0996130801636,230,45,2,0
1340.6057688675085,3026.245538008517,250,48,2,0
1247.726446894432,3026.276837296784,260,50,2,0
1464.3419087215057,3026.2984673858336,255,49,2,0
982.5478505922677,3026.4117267683664,215,43,2,0
761.3062938601012,3026.4970795616846,215,43,2,0
1172.1275671075452,3026.50983303986,215,42,2,0
920.7566973400891,3026.530473071197,240,47,2,0
1290.7061061356837,3026.5881760449674,220,44,2,0
894.952102257856,3026.6680478113885,205,41,2,0
835.3231175280264,3026.686267062518,225,45,2,0
1050.1401179157767,3026.7424233583783,220,44,2,0
604.6985707650502,3026.85896008469,240,46,2,0
1129.3988933897024,3027.048642041621,230,46,2,0
1191.023951660284,3027.1183925368787,220,44,2,0
729.5933095289428,3027.204038572736,210,42,2,0
1539.471249866235,3027.2518295997425,220,41,2,0
1073.3326673378663,3027.2529803197235,250,49,2,0
1298.570457855002,3027.2926620840017,245,48,2,0
1100.8499336841846,3027.3120234496364,240,48,2,0
719.6004041270676,3027.358568615805,205,41,2,0
1475.2991947993382,3027.4563279328986,235,47,2,0
1214.9500323080538,3027.465568972051,235,47,2,0
774.3517038367512,3027.7705718489383,215,42,2,0
989.266168363756,3027.808598485866,230,46,2,0
1136.1694762729924,3027.8918135590634,210,42,2,0
1461.9823237929804,3027.9183468311257,220,42,2,0
710.2299006704428,3028.0082479469893,245,44,2,0
657.9985137242597,3028.0915020988464,240,48,2,0
1430.7350017295373,3028.123656520419,290,48,2,0
1607.825358711469,3028.2097007294237,260,50,2,0
1075.4212599234033,3028.2514726504264,215,43,2,0
767.4492922226572,3028.282386471733,255,50,2,0
1376.7413651794436,3028.5957715096906,215,43,2,0
996.32002715464,3028.603334042348,240,47,2,0
1277.764708651784,3028.6140244285407,255,50,2,0
817.3475439664348,3028.7792654144496,220,43,2,0
1401.1253841238222,3028.9335425888326,250,45,2,0
1359.3623925304164,3028.9668439568513,250,49,2,0
1176.1127657962857,3029.0109003273933,220,44,2,0
860.5083778441598,3029.2217694703795,215,43,2,0
1240.5105741471825,3029.254561569098,205,41,2,0
1026.4361673736034,3029.258992388488,235,46,2,0
1063.365170234325,3029.278215163333,205,41,2,0
1213.143714440304,3029.4843839411024,210,42,2,0
675.7947940545008,3029.502850003287,215,43,2,0
1001.14770854699,3029.5957956062484,205,41,2,0
1030.8766470083742,3029.613481381504,230,45,2,0
1567.025461828816,3029.6354226303283,275,50,2,0
1123.0198303374007,3029.7636455981597,205,41,2,0
1557.9571832771546,3029.792091671451,220,42,2,0
1076.81615278703,3029.87778436914,220,44,2,0
1766.107393159255,3029.8927194906214,305,47,2,0
813.0913549829719,3029.9307480285015,270,49,2,0
1290.615668737367,3029.9637960387863,225,45,2,0
927.7018224053326,3030.011543613791,235,47,2,0
1017.0987853260485,3030.1704736519296,210,42,2,0
447.033010564627,3030.2197930154352,275,44,2,0
1231.3104190605827,3030.363352704653,235,47,2,0
1311.6959889820396,3030.383631450307,225,45,2,0
1358.9005898963712,3030.4149912765006,265,50,2,0
1475.0643903130645,3030.4407023267936,275,49,2,0
1653.7403775357682,3030.47978825251,290,48,2,0
922.4323434359422,3030.499094608444,225,45,2,0
1165.9458415653842,3030.537442904967,235,47,2,0
1216.7283951018612,3030.5817140255754,210,42,2,0
782.5546383626081,3030.604716697775,245,49,2,0
1365.5882352943736,3030.6762666594523,220,44,2,0
1030.4037212664284,3030.7256578165834,220,44,2,0
952.8756005374831,3030.7400410736254,245,49,2,0
1038.878849974393,3030.7895909617455,225,45,2,0
884.3212710153911,3030.8540693147183,210,42,2,0
1523.4784996157084,3030.8931994094314,205,41,2,0
1405.8516901228859,3030.972376584602,230,46,2,0
987.9288031847013,3031.036708573095,230,46,2,0
1348.831147887196,3031.051184900007,225,45,2,0
699.4937042646399,3031.065877108935,270,50,2,0
1311.9678416962113,3031.1448186203197,230,46,2,0
1565.1230605205144,3031.3095325320073,210,41,2,0
1064.6351505637263,3031.339755689737,235,47,2,0
1019.4041731957924,3031.376426327873,225,45,2,0
1277.5581419214197,3031.4710866930004,255,49,2,0
1597.3756686792422,3031.48627574533,245,47,2,0
1433.026520455182,3031.553579043485,225,45,2,0
1083.447279719933,3031.584233824812,240,48,2,0
765.2792814700392,3031.632523492953,255,50,2,0
1685.368838159966,3031.641380476234,215,42,2,0
707.7311424041264,3031.8413684847546,245,49,2,0
1422.5713925378227,3031.9281726482777,220,44,2,0
1156.0020319517291,3031.9366415445465,210,41,2,0
922.6797067690354,3032.092781578182,235,47,2,0
1427.3816643117386,3032.136450580355,225,45,2,0
1008.6846202675862,3032.289311103392,245,49,2,0
1716.1057798057511,3032.3062001233807,245,44,2,0
1424.4875877839404,3032.4570577749146,255,47,2,0
962.030510400442,3032.468760072835,250,49,2,0
568.1161917064782,3032.503013580179,275,50,2,0
1113.4390849614401,3032.543993790765,215,43,2,0
629.571820998264,3032.5545847404137,280,45,2,0
1026.0220857514907,3032.6612686326825,225,45,2,0
573.5092083910724,3032.6711780431397,220,43,2,0
885.8300970254046,3032.713428704962,230,46,2,0
1197.3367244450783,3032.866251933103,220,44,2,0
1484.7533538299147,3032.9112498868826,210,42,2,0
502.02946461929315,3032.9455114790376,245,47,2,0
1253.7903239407253,3032.9955953112576,205,41,2,0
1498.2214301637132,3033.024846067777,240,48,2,0
1493.1729282146575,3033.2118339859917,250,50,2,0
1172.6659493464151,3033.23717263253,230,46,2,0
1561.2561509809482,3033.3141274962027,230,46,2,0
1053.7576341898036,3033.367379769198,205,41,2,0
877.9334271450023,3033.443999339864,210,42,2,0
1112.2772670083198,3033.5514667286798,245,49,2,0
1353.8201056343646,3033.5564058575915,235,47,2,0
964.5725926009285,3033.568867823209,230,46,2,0
1716.244534330956,3033.70960062416,250,48,2,0
1627.5297100859934,3033.7529146875554,225,44,2,0
1221.5550568615151,3033.821464369261,270,49,2,0
589.1703575417858,3033.8470725652805,245,43,2,0
1512.9483332512623,3033.851849544024,225,44,2,0
1184.0449432910088,3033.8696586233737,240,48,2,0
1349.1185053788745,3033.8862369912026,250,50,2,0
1611.5454003130772,3033.9831868816345,210,42,2,0
795.0152709516517,3034.034921502319,285,48,2,0
1103.5113412431497,3034.0948607325404,235,46,2,0
991.1477643013254,3034.11787568166,240,48,2,0
767.8629357322185,3034.1244338305446,260,49,2,0
1426.3615949696466,3034.1830816394754,245,48,2,0
880.2548641973161,3034.339893203864,220,43,2,0
839.5847084700592,3034.347588460288,240,48,2,0
1114.6094434432314,3034.521126090546,215,43,2,0
1282.0589656829961,3034.5973927991954,215,43,2,0
1291.7089517360364,3034.63872695269,240,48,2,0
732.123648069774,3034.6527040336864,235,46,2,0
1070.190129007642,3034.730293246803,255,50,2,0
1152.7206827898228,3034.7373584444704,215,43,2,0
1256.7506583364632,3034.7488826972904,220,44,2,0
948.7406204063483,3034.8806370239226,235,47,2,0
508.8354574692231,3034.9051772224066,245,46,2,0
1720.3305829591186,3034.9409990483077,230,42,2,0
1064.477621044472,3034.9655103560485,210,42,2,0
1588.87302743311,3035.0995320786224,215,43,2,0
1037.1702223631723,3035.1105071023494,245,49,2,0
1616.7300931779675,3035.1379669313496,245,49,2,0
1570.593295587124,3035.1402377339737,245,47,2,0
907.174305167995,3035.185047453668,280,50,2,0
1114.2755320176514,3035.2252363242446,255,50,2,0
806.2277915774088,3035.241881088583,260,50,2,0
779.6313892795558,3035.251170428786,250,48,2,0
961.8591836323213,3035.289676941272,245,49,2,0
984.4472078432683,3035.298189235281,210,42,2,0
1486.3267861313316,3035.408733343478,250,49,2,0
1081.5325386282645,3035.474244637926,220,44,2,0
1129.193713433258,3035.515207658167,240,48,2,0
1442.9739348944802,3035.5667603021225,290,50,2,0
1434.2042191293249,3035.7127707228783,210,42,2,0
1004.6495240647462,3035.8485603411136,245,49,2,0
1067.2464920473703,3035.8586442612423,240,48,2,0
1173.1203743032038,3035.937133264547,245,49,2,0
1448.733620652625,3035.9901850926153,235,47,2,0
951.6383178290625,3036.143636686653,225,45,2,0
746.3940167304781,3036.1685559992693,215,43,2,0
893.6483530161939,3036.280457815829,245,49,2,0
1348.3985705996306,3036.3049474014992,230,46,2,0
1231.648871483159,3036.3124798911394,230,46,2,0
639.3560589672891,3036.318090478416,215,42,2,0
528.2568525927899,3036.3260748546013,220,43,2,0
1033.3746750347411,3036.36327040421,220,44,2,0
850.2690306844977,3036.375378123541,230,46,2,0
864.5336017144003,3036.4088650456806,220,43,2,0
532.4656703332057,3036.4106090133946,250,48,2,0
1028.0597790762354,3036.410974294755,210,42,2,0
601.5475939791346,3036.5602544152225,205,41,2,0
1130.856672129108,3036.700275185379,250,50,2,0
1181.5533847217946,3036.8317758116264,210,42,2,0
1175.5037304100015,3036.8447341223564,215,43,2,0
655.4316533654991,3036.867512050152,220,44,2,0
1180.5829946797164,3036.868615728955,220,44,2,0
688.746611273135,3036.8758547306034,240,48,2,0
1250.128971152499,3036.925663943515,215,43,2,0
527.8176427914798,3037.0732417180807,230,45,2,0
1256.2329302643009,3037.0883723454335,210,42,2,0
1647.1953408072682,3037.184924099579,220,41,2,0
749.1650945476553,3037.233963405125,230,43,2,0
1355.0980213584733,3037.2759592248285,245,49,2,0
1688.2121445588689,3037.3203954364058,250,48,2,0
1196.0957516250992,3037.3287228593804,240,47,2,0
1133.6211207630993,3037.339664355204,230,46,2,0
911.042487405624,3037.3676134951443,205,41,2,0
1377.3666215145895,3037.4687698186226,260,50,2,0
971.1136717609729,3037.5211581312687,205,41,2,0
697.194619461574,3037.590178622174,235,46,2,0
1125.9042973590404,3037.5974795304173,215,43,2,0
1211.199016671615,3037.708725662668,225,45,2,0
1265.3417008168672,3037.9557227689893,240,48,2,0
1609.6539341304074,3038.0996028779346,220,42,2,0
484.30032248292423,3038.133121927669,255,47,2,0
1747.3820387455175,3038.2264367780917,235,41,2,0
1088.0931332143173,3038.261964235577,245,49,2,0
1259.6486651061662,3038.348167986141,210,42,2,0
1315.5658386908697,3038.366890922635,220,44,2,0
1339.3452368166752,3038.474470413412,205,41,2,0
1010.8905919003392,3038.4867874380634,230,44,2,0
812.8958140709743,3038.4955834873417,210,42,2,0
1225.275464669903,3038.600084984049,205,41,2,0
1393.0071850255777,3038.678024695554,240,47,2,0
708.466593934331,3038.7669122222073,220,44,2,0
771.727814856994,3038.91956991058,220,44,2,0
1275.2242509988027,3038.9221929287532,240,48,2,0
581.6803274172304,3039.026263445814,300,49,2,0
538.9778164100425,3039.08953927266,220,42,2,0
1276.9335581118999,3039.0906338198674,235,47,2,0
1495.0111794575853,3039.124518174368,240,48,2,0
1576.542334221525,3039.128062842965,260,46,2,0
1387.3991517146037,3039.139511214468,255,46,2,0
895.3127686032445,3039.148166422945,205,41,2,0
1011.3658869063654,3039.17145622771,250,50,2,0
1080.9673807868137,3039.4079464247834,245,49,2,0
1423.2099779340294,3039.44879740443,205,41,2,0
680.6648096669787,3039.5042312541464,210,41,2,0
1025.4044571832433,3039.6138049305982,250,50,2,0
1292.087398178556,3039.7639061021164,240,48,2,0
1060.2149914742597,3039.824781238894,240,48,2,0
1731.0695971495045,3039.940060127077,350,50,2,0
1706.8550638365334,3039.9769889915697,235,47,2,0
1651.5096425507309,3039.9804796819553,250,48,2,0
976.0798675599577,3039.997431490442,250,50,2,0
1231.3465352273492,3040.0026514424103,275,50,2,0
1515.9528190500114,3040.072883737542,265,47,2,0
1029.774359237604,3040.1917062915345,230,46,2,0
695.1143471809011,3040.218138852738,240,44,2,0
1346.6500876945342,3040.2429032200835,205,41,2,0
1011.8545846631949,3040.2876766782815,210,42,2,0
1440.8635485305895,3040.315736643203,260,50,2,0
999.9819992099999,3040.327620988415,215,43,2,0
1506.154759334395,3040.3592615894104,240,47,2,0
878.5599480754861,3040.5224925176753,225,42,2,0
1183.2136958909807,3040.622882218846,295,50,2,0
607.7282536147333,3040.661957494747,250,47,2,0
1380.5615108516313,3040.7506877826854,210,42,2,0
1683.2657837219829,3040.779092906213,220,43,2,0
1675.6334276604696,3040.8014382080733,270,49,2,0
1590.6023623680653,3040.8471506352166,240,46,2,0
1586.7565955348352,3041.0342819854604,230,45,2,0
1486.5273848079053,3041.047934344583,250,48,2,0
968.084303867775,3041.0616144868914,210,41,2,0
1767.4527575411055,3041.085561936829,265,49,2,0
1549.6367704297654,3041.1362199730934,255,50,2,0
893.9510881211468,3041.270345570494,220,44,2,0
676.5453769414044,3041.312278646956,250,43,2,0
1030.1230999878228,3041.328483190931,265,50,2,0
827.4535262083551,3041.3489747208228,255,42,2,0
835.8120871435739,3041.442386852872,205,41,2,0
724.3925017853468,3041.4651145965545,285,48,2,0
1189.0440717703832,3041.576878685029,245,48,2,0
934.3106429854766,3041.5864850187713,240,48,2,0
1449.4557008391766,3041.7535776651084,225,45,2,0
1436.403050064513,3041.9319938532435,205,41,2,0
1481.5493779602325,3041.987997069783,240,48,2,0
1081.1629702987418,3042.1078405431062,220,43,2,0
1366.0285338361357,3042.157362765228,205,41,2,0
768.558887635837,3042.309190367495,250,46,2,0
1069.5075543765988,3042.3554968147914,225,44,2,0
903.0821413865717,3042.554867752504,205,41,2,0
1035.734452519224,3042.7850433786384,230,46,2,0
1406.7902127729167,3043.069100424248,250,49,2,0
1228.6372655504435,3043.1465797995306,245,49,2,0
1314.8090830113565,3043.2960582308324,240,48,2,0
1149.797313011935,3043.377524278586,230,46,2,0
1134.359380050626,3043.405965902416,230,44,2,0
1399.139682026486,3043.5563225372853,245,49,2,0
1081.12393797055,3043.5915853549277,210,42,2,0
547.5449872070295,3043.7550386938483,285,46,2,0
1738.923048335631,3043.9049892151734,220,42,2,0
1461.4551732219606,3043.9352480098332,230,46,2,0
1661.6061457096894,3044.013720965523,255,48,2,0
943.0087844132115,3044.0668790909176,225,44,2,0
1610.7528737278515,3044.160180472726,285,49,2,0
881.3279637872546,3044.1869282813605,260,49,2,0
1335.1031597418757,3044.2468503325154,210,42,2,0
774.3252040044952,3044.2518973162905,245,47,2,0
1262.909153267639,3044.3383766117995,235,47,2,0
1281.7663910697956,3044.434750968595,240,47,2,0
1175.3783692226134,3044.5927281645313,220,44,2,0
1077.9754032906988,3044.6343820446,210,42,2,0
1128.84603815798,3044.699757006021,250,48,2,0
1037.7037611838996,3044.73705904669,210,42,2,0
1273.3975931419332,3044.8195737922606,210,42,2,0
739.7987867551748,3044.828290185735,270,46,2,0
1576.569852045465,3044.9045991747435,235,47,2,0
1334.8249908896455,3045.0685053230272,220,44,2,0
997.6757558759026,3045.103061315897,210,42,2,0
1274.6638718900101,3045.1076764657314,230,46,2,0
755.4776213330507,3045.1339261337434,250,45,2,0
1301.9132005782647,3045.1776869595687,235,47,2,0
1518.626617492761,3045.2187100650117,260,44,2,0
1375.9093006378623,3045.288780990152,245,49,2,0
1531.1099450647105,3045.303170623023,255,48,2,0
1061.0250677814677,3045.343119304062,285,50,2,0
1373.9550805454867,3045.3590440127377,240,48,2,0
1237.3975360142106,3045.522508088661,215,43,2,0
1381.5583892402465,3045.5489653179393,250,48,2,0
1690.3960389948008,3045.63623427897,235,41,2,0
1250.951191837449,3045.818556504557,220,44,2,0
549.4699469487692,3045.8212220163887,240,47,2,0
853.0888601508486,3045.8358982403097,225,42,2,0
1092.6550528200783,3045.858648698993,245,49,2,0
1757.9755774498103,3045.891985046421,360,50,2,0
1202.5591366836807,3045.943651027737,205,41,2,0
1243.4912331828764,3045.9579768878248,205,41,2,0
829.3339911974398,3045.989394790484,225,45,2,0
1267.4558601615508,3046.011981156319,205,41,2,0
600.8488711661031,3046.0277907243194,250,49,2,0
1427.5041345665488,3046.0397760571364,225,44,2,0
1324.4547269315947,3046.0519796827143,220,44,2,0
1338.4370032988834,3046.079211408387,210,42,2,0
1366.1925866079819,3046.18541226556,220,44,2,0
835.9280164785799,3046.206312447458,255,45,2,0
722.7438920837318,3046.313248777781,240,45,2,0
489.7537702502511,3046.364718417917,205,41,2,0
1116.4594132239868,3046.4751755915418,235,47,2,0
783.1042800682891,3046.4852199767533,275,48,2,0
1527.1431686072012,3046.5652866898463,250,46,2,0
1224.4330515646914,3046.8813096453937,250,49,2,0
701.1455580391136,3046.998042273234,245,48,2,0
611.8796841684679,3047.024168838889,210,42,2,0
961.9949784393009,3047.064651451827,205,41,2,0
1493.2336136938814,3047.221473150654,245,43,2,0
1089.9386003101993,3047.260052921968,245,49,2,0
1217.967447020975,3047.2803249532435,230,46,2,0
566.6357652662183,3047.4120354248394,205,41,2,0
1453.0869486908214,3047.4151551006144,255,49,2,0
488.85005172349616,3047.4790503468316,220,44,2,0
940.8264317816769,3047.49147299433,220,44,2,0
984.8529134560863,3047.7240316206567,215,43,2,0
1290.6560253150535,3047.8048888475705,210,42,2,0
1644.348959430342,3047.902690495295,240,47,2,0
617.1483932443069,3048.013172631735,310,50,2,0
1670.2989180916213,3048.0504216534027,225,45,2,0
900.3947666847529,3048.088525270626,250,48,2,0
1183.5496733627667,3048.2411540757466,225,45,2,0
1109.3762966467336,3048.2934945528336,205,41,2,0
900.8707802862737,3048.451336556089,210,41,2,0
1638.8014150590545,3048.5303628450356,235,46,2,0
1713.0862809060748,3048.5849061698077,300,49,2,0
1051.4792721677395,3048.689238529172,245,47,2,0
1189.4688170948823,3048.741499537286,235,46,2,0
508.75124502965116,3048.7728494132834,235,47,2,0
822.9225277709872,3048.7810763949233,250,45,2,0
967.8115907732562,3048.863293415907,245,47,2,0
1353.3581769566724,3048.865737158845,240,47,2,0
1760.3134873553029,3048.9894597411303,305,48,2,0
1020.0959134174875,3049.2605114469375,210,42,2,0
1059.3165807335745,3049.2853143302773,210,42,2,0
1169.8209909589382,3049.460600251123,245,48,2,0
1400.8865210471788,3049.721966288602,230,46,2,0
1135.5869562203616,3049.7851255020264,245,49,2,0
1177.5037586303474,3049.922670856903,210,42,2,0
1599.0475130331804,3049.9555507831737,280,45,2,0
646.4342233807498,3053.3435739662964,210,41,2,0
621.4983664904286,3050.7075740366813,260,47,2,0
644.3662309359923,3047.443147740863,290,50,2,0
649.6975462003717,3054.903388758513,250,49,2,0
691.1789131650037,3053.847917978789,245,49,2,0
730.0044273787763,3053.708506445592,240,48,2,0
721.3436099664867,3053.8158902588443,215,42,2,0
753.7868080482476,3052.2471980778278,205,41,2,0
787.6770166314561,3052.559160234148,250,49,2,0
791.5706051202517,3052.896805108692,255,49,2,0
827.3205772425412,3052.220161564558,260,48,2,0
817.9058193604834,3053.378016016103,280,50,2,0
838.6405722057871,3053.2348760130494,260,50,2,0
843.1380832922914,3054.718129353245,240,47,2,0
871.2031912887513,3050.030195000132,210,42,2,0
882.7806760348898,3053.2123706077273,215,42,2,0
925.6363200281744,3050.019424483128,235,47,2,0
928.2378625916538,3051.5311047278165,220,44,2,0
934.0473008299075,3050.6957337434987,260,50,2,0
946.5049794559701,3051.070569109805,205,41,2,0
961.168496067545,3053.0496595272716,210,42,2,0
975.0640185457503,3054.4149038473856,235,46,2,0
1034.0569699983648,3051.1141557409155,220,43,2,0
1046.7035219033244,3050.967571305233,215,41,2,0
1088.1713443552767,3053.2653600075955,210,42,2,0
1075.9245423843358,3052.138687208044,240,45,2,0
1079.1910268351014,3054.5979217659296,250,47,2,0
1145.097996989294,3053.983269731631,240,48,2,0
1163.9127679751089,3052.7886717635074,260,50,2,0
1136.272458281631,3050.8816084745094,220,44,2,0
1158.6486028127229,3050.1342061074565,215,42,2,0
1165.775580660209,3050.0191964980786,210,41,2,0
1182.0379990148954,3053.020120833464,230,46,2,0
1193.351927314446,3050.799673897999,245,48,2,0
1195.0314822345836,3050.7692226973504,230,45,2,0
1219.8995249254428,3054.9263638024595,215,43,2,0
1244.2408890604434,3050.037124031306,260,50,2,0
1248.9886221704785,3050.5892034311337,215,43,2,0
1250.2385973145813,3050.6789688499875,210,42,2,0
1305.8754134709875,3050.7542329246053,220,42,2,0
1277.959137471494,3051.810417452508,250,47,2,0
1329.218003757302,3054.4116217295273,235,45,2,0
1350.0491908643542,3053.7028879677955,230,46,2,0
1355.0254147913406,3053.6975133984865,220,44,2,0
1372.7015515904077,3054.3741062614577,210,42,2,0
1393.4575532857032,3051.113156272955,265,49,2,0
1397.7377686422951,3052.1194367627086,260,49,2,0
1412.936754633549,3050.386507618751,245,49,2,0
1420.2381714902533,3054.6965587342434,245,49,2,0
1442.6813515146405,3054.2074652503406,240,48,2,0
1453.0857746133797,3054.692066348352,240,48,2,0
1454.7326204808098,3046.653524932832,230,45,2,0
1458.5712662985002,3052.4225044114555,210,42,2,0
1465.2896858106656,3050.6728470982725,230,46,2,0
1488.7672853290724,3053.3233071222376,210,42,2,0
1490.7061793286427,3053.2331023045335,205,41,2,0
1519.277313103831,3053.0924913657886,205,41,2,0
1499.0130944861453,3052.392000041792,230,46,2,0
1542.3542421877205,3054.115576519478,230,46,2,0
1542.842908394293,3053.2990745124366,250,50,2,0
1552.9162700897489,3052.8127613216693,240,43,2,0
1564.5638057361627,3052.7777446590208,290,49,2,0
1604.284054611432,3054.288034765066,225,44,2,0
1647.2779482774654,3050.421515139721,275,42,2,0
1651.5958583379036,3050.920729605191,240,46,2,0
1708.9227724434102,3051.8572541777635,280,50,2,0
1955.4453394302311,10.540435769183244,35,1,0,35
2264.618698192221,34.412080769636134,50,1,0,50
148.11779437931227,43.29965279102832,55,1,0,55
230.0384286692747,30.043534499633928,65,1,0,65
75.91343297360777,102.16736300474952,40,1,0,40
2044.4041166105496,107.22746421620543,40,1,0,40
2220.2577679198953,114.02088752016454,40,2,0,35
2179.950950145546,127.33754201994594,40,1,0,40
2206.020283371081,149.77007317569263,110,3,0,50
240.2200613088247,172.7887445084946,35,1,0,35
2171.710792574628,166.17186657942534,70,2,0,60
116.99418165186682,202.12952032753304,35,1,0,35
320.5633731469106,331.88722448949045,35,5,1,0
2053.1059492024897,239.66466604059895,40,1,0,40
165.48373652680482,272.47170018600224,35,1,0,35
75.57543660285137,295.3535060422816,40,1,0,40
2239.141917435012,303.05157342262277,35,1,0,35
17.128074921420875,282.0765845680936,65,1,0,65
285.17850138318187,412.77675573677897,30,6,1,0
277.63338709008724,421.5743306411317,30,5,1,0
467.5956226096157,464.67403110015414,10,2,1,0
2143.859878878947,380.7679315319144,110,5,0,50
2113.1826590614605,453.0195013439955,95,6,0,35
88.71702157248924,456.6895415375729,50,2,0,35
154.83703777508399,466.2879255875195,50,2,0,45
2348.054755924888,475.00268438223816,40,1,0,40
413.84255847837244,587.9904116518373,10,2,1,0
293.9464913821924,601.0397232100604,10,2,1,0
359.0440694992874,611.3670214098807,30,5,1,0
2116.481156067198,515.8730535397256,85,3,0,45
307.269878881966,628.9446895306413,50,10,1,0
2133.9471283802764,549.075690560034,150,6,0,50
310.59847969713866,657.0095083174069,75,8,1,0
483.1051648783592,704.9081249921413,75,9,1,0
2068.8230736357596,632.2738006099511,80,4,0,60
176.32164794699324,676.8506608314664,45,3,0,35
2062.5681689493126,674.5628832434105,120,4,0,40
258.5756574581077,781.3298314675236,30,6,1,0
467.56548394238166,791.4789803839092,40,8,1,0
1985.7738366634019,695.5811274252735,70,6,0,40
403.0036173767486,795.1520364493824,40,6,1,0
350.0027687520047,815.3077283768594,35,6,1,0
314.56317960372917,822.6073438190134,185,12,1,0
1994.7645545424446,740.0667439019079,195,10,0,45
250.5275663621791,855.569007458752,90,14,1,0
1985.5760406747916,787.3103403430563,130,11,0,45
347.73738132118655,932.9592101812704,40,7,1,0
1975.8048356739534,849.2205762121612,85,6,0,35
463.649957893769,951.2579948587465,110,15,1,0
1964.8407049656573,894.5923417169923,195,9,0,35
374.43231377812816,1013.1018087202191,80,13,1,0
396.67099080467824,1017.842580241703,60,9,1,0
1979.1935657008114,924.8580913597593,130,8,0,50
261.77509286505847,1029.0835439212588,185,16,1,0
479.96378400871623,1079.185391045476,50,10,1,0
312.999532644388,986.2621465751853,135,16,0,35
236.97057824424832,1012.7192072637465,125,9,0,35
180.2816848849432,1018.722143217602,120,9,0,40
1958.9116325978268,1012.4072019838939,145,14,0,50
296.7087217838962,1039.003384996019,95,11,0,45
1946.290099831514,1089.213570179832,125,14,0,45
1935.38683971332,1138.2183995502376,175,19,0,40
332.3658222565426,1178.9355679689709,165,15,0,35
1931.2565842493607,1190.8224660222472,160,14,0,60
378.2683069661269,1311.6356062998452,110,16,1,0
436.0955276941604,1320.6086368205306,95,17,1,0
1920.608511791794,1270.9415576849033,145,18,0,45
463.50483660492034,1373.4812412045046,95,15,1,0
1919.4548350628322,1330.3901844551085,180,14,0,35
279.78282587113733,1330.3250948365271,155,19,0,40
342.63660172122167,1453.562710835882,160,15,1,0
1927.157432477379,1418.1794775823141,255,20,0,40
1911.9189028609112,1445.924623768076,195,16,0,65
1894.9243632490768,1549.235353470538,170,22,0,35
1907.6182489637708,1541.698266356806,145,20,0,40
1907.2102049947646,1591.686082399423,230,25,0,35
1896.910953496343,1616.779884851021,205,25,0,40
1911.7978360536138,1656.977781548559,220,27,0,40
1905.720409232083,1688.488305677423,170,24,0,55
1892.9522761079297,1760.6266497071365,290,28,0,35
1886.0867341922815,1782.6696389512867,180,25,0,35
343.12545331774345,1861.8622829992046,150,24,1,0
418.9590422646955,1878.8386783422366,120,23,1,0
1884.4570201625518,1829.5619967202263,255,30,0,40
399.76392292034546,1931.025458110292,150,27,1,0
457.9280107619864,1939.4280450094193,170,31,1,0
1895.296030901638,1865.4500501536943,255,32,0,40
401.1182385142471,1962.9409126323017,265,31,1,0
1896.9322130255189,1916.1066234933485,290,32,0,45
1859.8501227001652,1957.8669717782527,165,25,0,35
451.3219368890617,2065.3189831344216,310,34,1,0
1872.5209750737072,2012.6939239199535,185,28,0,50
469.517892282976,2153.4660225528796,220,29,1,0
1880.3765527752712,2071.763390567613,290,34,0,45
342.2514916351599,2120.731265524453,300,35,0,35
1872.4559224580032,2159.842204303082,210,31,0,35
1849.7415937697547,2191.9267415887734,240,31,0,45
1848.9520605501732,2234.5887289793486,250,29,0,35
484.87075161419864,2401.577595994164,245,38,1,0
1839.9446787524141,2321.129941063794,265,34,0,35
374.63833790434745,2404.149811829354,330,38,1,0
1831.6128791829638,2373.11270117349,250,32,0,55
1827.0687182049028,2468.089882917228,260,36,0,40
1827.3671238822533,2506.481946406014,300,36,0,45
454.91478135284314,2618.613089944191,205,39,1,0
1830.913833563512,2535.9181742142787,300,34,0,45
1832.0718153601215,2585.838930176884,265,39,0,35
451.2819882493523,2683.2028743013198,325,41,1,0
360.99156009903606,2617.4347681938166,330,35,0,35
1825.8478823903176,2623.2421918526125,270,44,0,50
1844.2177218484815,2678.9088614492657,265,41,0,35
1829.9633474561492,2700.3818437400214,355,44,0,40
491.86853114654366,2838.4615481539904,240,43,1,0
1813.8518840362613,2784.655656333841,405,44,0,50
423.51702731158855,2917.713930036306,215,41,1,0
1815.9588469141538,2826.655039752449,250,40,0,35
388.04911254544174,2944.7567047434663,305,48,1,0
438.7185366352039,2963.5970603094993,345,47,1,0
1821.8006374000397,2852.678203074523,320,41,0,60
438.36540130544347,2998.7537979910176,260,47,1,0
1827.2003457281457,2921.329720283586,325,44,0,35
383.40597970181005,2988.5164447758784,315,47,2,10
504.5451149251947,2994.018883508407,280,44,2,5
561.1345305474582,2990.7271660112347,280,46,2,5
982.836821687053,2991.095387162113,230,42,2,5
1776.0337979419367,2990.6406055268517,280,42,2,5
1793.118536314646,2980.531520141634,235,42,2,15
